transpot_id,name,detail,unit,carbon_per
1,"รถตู้ 4 ล้อ ขนาดเล็ก วิ่งปกติ 0% Loading","น้ำหนักบรรทุกสูงสุด 1.5 ตัน ใช้น้ำมันดีเซลเป็นเชื้อเพลิง",km,0.2415
2,"รถตู้ 4 ล้อ ขนาดเล็ก วิ่งปกติ 50% Loading","น้ำหนักบรรทุกสูงสุด 1.5 ตัน ใช้น้ำมันดีเซลเป็นเชื้อเพลิง",tkm,0.3805
3,"รถตู้ 4 ล้อ ขนาดเล็ก วิ่งปกติ 75% Loading","น้ำหนักบรรทุกสูงสุด 1.5 ตัน ใช้น้ำมันดีเซลเป็นเชื้อเพลิง",tkm,0.2706
4,"รถตู้ 4 ล้อ ขนาดเล็ก วิ่งปกติ 100% Loading","น้ำหนักบรรทุกสูงสุด 1.5 ตัน ใช้น้ำมันดีเซลเป็นเชื้อเพลิง",tkm,0.2154
5,"รถตู้ 4 ล้อ ขนาดเล็ก วิ่งสมบุกสมบัน 0% Loading","น้ำหนักบรรทุกสูงสุด 1.5 ตัน ใช้น้ำมันดีเซลเป็นเชื้อเพลิง",km,0.3091
6,"รถตู้ 4 ล้อ ขนาดเล็ก วิ่งสมบุกสมบัน 50% Loading","น้ำหนักบรรทุกสูงสุด 1.5 ตัน ใช้น้ำมันดีเซลเป็นเชื้อเพลิง",tkm,0.4695
7,"รถตู้ 4 ล้อ ขนาดเล็ก วิ่งสมบุกสมบัน 75% Loading","น้ำหนักบรรทุกสูงสุด 1.5 ตัน ใช้น้ำมันดีเซลเป็นเชื้อเพลิง",tkm,0.3275
8,"รถตู้ 4 ล้อ ขนาดเล็ก วิ่งสมบุกสมบัน 100% Loading","น้ำหนักบรรทุกสูงสุด 1.5 ตัน ใช้น้ำมันดีเซลเป็นเชื้อเพลิง",tkm,0.2556
9,"รถตู้ 4 ล้อ วิ่งปกติ 0% Loading","น้ำหนักบรรทุกสูงสุด 7 ตัน ใช้น้ำมันดีเซลเป็นเชื้อเพลิง",km,0.3345
10,"รถตู้ 4 ล้อ วิ่งปกติ 50% Loading","น้ำหนักบรรทุกสูงสุด 7 ตัน ใช้น้ำมันดีเซลเป็นเชื้อเพลิง",tkm,0.3401
11,"รถตู้ 4 ล้อ วิ่งปกติ 75% Loading","น้ำหนักบรรทุกสูงสุด 7 ตัน ใช้น้ำมันดีเซลเป็นเชื้อเพลิง",tkm,0.2405
12,"รถตู้ 4 ล้อ วิ่งปกติ 100% Loading","น้ำหนักบรรทุกสูงสุด 7 ตัน ใช้น้ำมันดีเซลเป็นเชื้อเพลิง",tkm,0.1835
13,"รถตู้ 4 ล้อ วิ่งสมบุกสมบัน  0% Loading","น้ำหนักบรรทุกสูงสุด 7 ตัน ใช้น้ำมันดีเซลเป็นเชื้อเพลิง",km,0.4106
14,"รถตู้ 4 ล้อ วิ่งสมบุกสมบัน 50% Loading","น้ำหนักบรรทุกสูงสุด 7 ตัน ใช้น้ำมันดีเซลเป็นเชื้อเพลิง",tkm,0.3672
15,"รถตู้ 4 ล้อ วิ่งสมบุกสมบัน 75% Loading","น้ำหนักบรรทุกสูงสุด 7 ตัน ใช้น้ำมันดีเซลเป็นเชื้อเพลิง",tkm,0.2551
16,"รถตู้ 4 ล้อ วิ่งสมบุกสมบัน 100 Loading","น้ำหนักบรรทุกสูงสุด 7 ตัน ใช้น้ำมันดีเซลเป็นเชื้อเพลิง",tkm,0.1991
17,"รถกระบะขนาดเล็ก 4 ล้อ วิ่งปกติ 0% Loading","น้ำหนักบรรทุกสูงสุด 7 ตัน ใช้น้ำมันดีเซลเป็นเชื้อเพลิง",km,0.3131
18,"รถกระบะขนาดเล็ก 4 ล้อ วิ่งปกติ 50% Loading","น้ำหนักบรรทุกสูงสุด 7 ตัน ใช้น้ำมันดีเซลเป็นเชื้อเพลิง",tkm,0.2698
19,"รถกระบะขนาดเล็ก 4 ล้อ วิ่งปกติ 75% Loading","น้ำหนักบรรทุกสูงสุด 7 ตัน ใช้น้ำมันดีเซลเป็นเชื้อเพลิง",tkm,0.184
20,"รถกระบะขนาดเล็ก 4 ล้อ วิ่งปกติ 100% Loading","น้ำหนักบรรทุกสูงสุด 7 ตัน ใช้น้ำมันดีเซลเป็นเชื้อเพลิง",tkm,0.1411
21,"รถกระบะขนาดเล็ก 4 ล้อ วิ่งสมบุกสมบัน 0% Loading","น้ำหนักบรรทุกสูงสุด 7 ตัน ใช้น้ำมันดีเซลเป็นเชื้อเพลิง",km,0.375
22,"รถกระบะขนาดเล็ก 4 ล้อ วิ่งสมบุกสมบัน 50% Loading","น้ำหนักบรรทุกสูงสุด 7 ตัน ใช้น้ำมันดีเซลเป็นเชื้อเพลิง",tkm,0.3165
23,"รถกระบะขนาดเล็ก 4 ล้อ วิ่งสมบุกสมบัน 75% Loading","น้ำหนักบรรทุกสูงสุด 7 ตัน ใช้น้ำมันดีเซลเป็นเชื้อเพลิง",tkm,0.2139
24,"รถกระบะขนาดเล็ก 4 ล้อ วิ่งสมบุกสมบัน 100% Loading","น้ำหนักบรรทุกสูงสุด 7 ตัน ใช้น้ำมันดีเซลเป็นเชื้อเพลิง",tkm,0.1627
25,"รถตู้ 6 ล้อ ขนาดเล็ก วิ่งปกติ 0% Loading","น้ำหนักบรรทุกสูงสุด 8.5 ตัน ใช้น้ำมันดีเซลเป็นเชื้อเพลิง",km,0.4069
26,"รถตู้ 6 ล้อ ขนาดเล็ก วิ่งปกติ 50% Loading","น้ำหนักบรรทุกสูงสุด 8.5 ตัน ใช้น้ำมันดีเซลเป็นเชื้อเพลิง",tkm,0.1198
27,"รถตู้ 6 ล้อ ขนาดเล็ก วิ่งปกติ 75% Loading","น้ำหนักบรรทุกสูงสุด 8.5 ตัน ใช้น้ำมันดีเซลเป็นเชื้อเพลิง",tkm,0.0843
28,"รถตู้ 6 ล้อ ขนาดเล็ก วิ่งปกติ 100% Loading","น้ำหนักบรรทุกสูงสุด 8.5 ตัน ใช้น้ำมันดีเซลเป็นเชื้อเพลิง",tkm,0.0653
29,"รถตู้ 6 ล้อ ขนาดเล็ก วิ่งสมบุกสมบัน 0% Loading","น้ำหนักบรรทุกสูงสุด 8.5 ตัน ใช้น้ำมันดีเซลเป็นเชื้อเพลิง",km,0.4227
30,"รถตู้ 6 ล้อ ขนาดเล็ก วิ่งสมบุกสมบัน 50% Loading","น้ำหนักบรรทุกสูงสุด 8.5 ตัน ใช้น้ำมันดีเซลเป็นเชื้อเพลิง",tkm,0.1302
31,"รถตู้ 6 ล้อ ขนาดเล็ก วิ่งสมบุกสมบัน 75% Loading","น้ำหนักบรรทุกสูงสุด 8.5 ตัน ใช้น้ำมันดีเซลเป็นเชื้อเพลิง",tkm,0.0913
32,"รถตู้ 6 ล้อ ขนาดเล็ก วิ่งสมบุกสมบัน 100% Loading","น้ำหนักบรรทุกสูงสุด 8.5 ตัน ใช้น้ำมันดีเซลเป็นเชื้อเพลิง",tkm,0.0691
33,"รถกระบะ 6 ล้อ ขนาดเล็ก วิ่งปกติ 0% Loading","น้ำหนักบรรทุกสูงสุด 8.5 ตัน ใช้น้ำมันดีเซลเป็นเชื้อเพลิง",km,0.4273
34,"รถกระบะ 6 ล้อ ขนาดเล็ก วิ่งปกติ 50% Loading","น้ำหนักบรรทุกสูงสุด 8.5 ตัน ใช้น้ำมันดีเซลเป็นเชื้อเพลิง",tkm,0.1247
35,"รถกระบะ 6 ล้อ ขนาดเล็ก วิ่งปกติ 75% Loading","น้ำหนักบรรทุกสูงสุด 8.5 ตัน ใช้น้ำมันดีเซลเป็นเชื้อเพลิง",tkm,0.0875
36,"รถกระบะ 6 ล้อ ขนาดเล็ก วิ่งปกติ 100% Loading","น้ำหนักบรรทุกสูงสุด 8.5 ตัน ใช้น้ำมันดีเซลเป็นเชื้อเพลิง",tkm,0.0677
37,"รถกระบะ 6 ล้อ ขนาดเล็ก วิ่งสมบุกสมบัน 0% Loading","น้ำหนักบรรทุกสูงสุด 8.5 ตัน ใช้น้ำมันดีเซลเป็นเชื้อเพลิง",km,0.5133
38,"รถกระบะ 6 ล้อ ขนาดเล็ก วิ่งสมบุกสมบัน 50% Loading","น้ำหนักบรรทุกสูงสุด 8.5 ตัน ใช้น้ำมันดีเซลเป็นเชื้อเพลิง",tkm,0.1443
39,"รถกระบะ 6 ล้อ ขนาดเล็ก วิ่งสมบุกสมบัน 75% Loading","น้ำหนักบรรทุกสูงสุด 8.5 ตัน ใช้น้ำมันดีเซลเป็นเชื้อเพลิง",tkm,0.099
40,"รถกระบะ 6 ล้อ ขนาดเล็ก วิ่งสมบุกสมบัน 100% Loading","น้ำหนักบรรทุกสูงสุด 8.5 ตัน ใช้น้ำมันดีเซลเป็นเชื้อเพลิง",tkm,0.0749
41,"รถตู้ 6 ล้อ ขนาดใหญ่
วิ่งปกติ 0% Loading","น้ำหนักบรรทุกสูงสุด 11 ตัน ใช้น้ำมันดีเซลเป็นเชื้อเพลิง",km,0.4373
42,"รถตู้ 6 ล้อ ขนาดใหญ่ วิ่งปกติ 50% Loading","น้ำหนักบรรทุกสูงสุด 11 ตัน ใช้น้ำมันดีเซลเป็นเชื้อเพลิง",tkm,0.1021
43,"รถตู้ 6 ล้อ ขนาดใหญ่ วิ่งปกติ 75% Loading","น้ำหนักบรรทุกสูงสุด 11 ตัน ใช้น้ำมันดีเซลเป็นเชื้อเพลิง",tkm,0.0716
44,"รถตู้ 6 ล้อ ขนาดใหญ่ วิ่งปกติ 100% Loading","น้ำหนักบรรทุกสูงสุด 11 ตัน ใช้น้ำมันดีเซลเป็นเชื้อเพลิง",tkm,0.0547
45,"รถตู้ 6 ล้อ ขนาดใหญ่ วิ่งสมบุกสมบัน 0% Loading","น้ำหนักบรรทุกสูงสุด 11 ตัน ใช้น้ำมันดีเซลเป็นเชื้อเพลิง",km,0.5598
46,"รถตู้ 6 ล้อ ขนาดใหญ่ วิ่งสมบุกสมบัน 50% Loading","น้ำหนักบรรทุกสูงสุด 11 ตัน ใช้น้ำมันดีเซลเป็นเชื้อเพลิง",tkm,0.1228
47,"รถตู้ 6 ล้อ ขนาดใหญ่ วิ่งสมบุกสมบัน 75% Loading","น้ำหนักบรรทุกสูงสุด 11 ตัน ใช้น้ำมันดีเซลเป็นเชื้อเพลิง",tkm,0.0863
48,"รถตู้ 6 ล้อ ขนาดใหญ่ วิ่งสมบุกสมบัน 100% Loading","น้ำหนักบรรทุกสูงสุด 11 ตัน ใช้น้ำมันดีเซลเป็นเชื้อเพลิง",tkm,0.0679
49,"รถกระบะ 6 ล้อ ขนาดใหญ่ วิ่งปกติ 0% Loading","น้ำหนักบรรทุกสูงสุด 11 ตัน ใช้น้ำมันดีเซลเป็นเชื้อเพลิง",km,0.4923
50,"รถกระบะ 6 ล้อ ขนาดใหญ่ วิ่งปกติ 50% Loading","น้ำหนักบรรทุกสูงสุด 11 ตัน ใช้น้ำมันดีเซลเป็นเชื้อเพลิง",tkm,0.1083
51,"รถกระบะ 6 ล้อ ขนาดใหญ่ วิ่งปกติ 75% Loading","น้ำหนักบรรทุกสูงสุด 11 ตัน ใช้น้ำมันดีเซลเป็นเชื้อเพลิง",tkm,0.0768
52,"รถกระบะ 6 ล้อ ขนาดใหญ่ วิ่งปกติ 100% Loading","น้ำหนักบรรทุกสูงสุด 11 ตัน ใช้น้ำมันดีเซลเป็นเชื้อเพลิง",tkm,0.0613
53,"รถกระบะ 6 ล้อ ขนาดใหญ่ วิ่งสมบึกสมบัน 0% Loading","น้ำหนักบรรทุกสูงสุด 11 ตัน ใช้น้ำมันดีเซลเป็นเชื้อเพลิง",km,0.6082
54,"รถกระบะ 6 ล้อ ขนาดใหญ่ วิ่งสมบึกสมบัน 50% Loading","น้ำหนักบรรทุกสูงสุด 11 ตัน ใช้น้ำมันดีเซลเป็นเชื้อเพลิง",tkm,0.1345
55,"รถกระบะ 6 ล้อ ขนาดใหญ่ วิ่งสมบึกสมบัน 75% Loading","น้ำหนักบรรทุกสูงสุด 11 ตัน ใช้น้ำมันดีเซลเป็นเชื้อเพลิง",tkm,0.0942
56,"รถกระบะ 6 ล้อ ขนาดใหญ่ วิ่งสมบึกสมบัน 100% Loading","น้ำหนักบรรทุกสูงสุด 11 ตัน ใช้น้ำมันดีเซลเป็นเชื้อเพลิง",tkm,0.0734
57,"รถตู้ 10 ล้อ วิ่งปกติ 0% Loading","น้ำหนักบรรทุกสูงสุด 16 ตัน ใช้น้ำมันดีเซลเป็นเชื้อเพลิง",km,0.5747
58,"รถตู้ 10 ล้อ วิ่งปกติ 50% Loading","น้ำหนักบรรทุกสูงสุด 16 ตัน ใช้น้ำมันดีเซลเป็นเชื้อเพลิง",tkm,0.0852
59,"รถตู้ 10 ล้อ วิ่งปกติ 75% Loading","น้ำหนักบรรทุกสูงสุด 16 ตัน ใช้น้ำมันดีเซลเป็นเชื้อเพลิง",tkm,0.059
60,"รถตู้ 10 ล้อ วิ่งปกติ 100% Loading","น้ำหนักบรรทุกสูงสุด 16 ตัน ใช้น้ำมันดีเซลเป็นเชื้อเพลิง",tkm,0.0454
61,"รถตู้ 10 ล้อ วิ่งสมบุกสมบัน 0% Loading","น้ำหนักบรรทุกสูงสุด 16 ตัน ใช้น้ำมันดีเซลเป็นเชื้อเพลิง",km,0.678
62,"รถตู้ 10 ล้อ วิ่งสมบุกสมบัน 50% Loading","น้ำหนักบรรทุกสูงสุด 16 ตัน ใช้น้ำมันดีเซลเป็นเชื้อเพลิง",tkm,0.1043
63,"รถตู้ 10 ล้อ วิ่งสมบุกสมบัน 75% Loading","น้ำหนักบรรทุกสูงสุด 16 ตัน ใช้น้ำมันดีเซลเป็นเชื้อเพลิง",tkm,0.0725
64,"รถตู้ 10 ล้อ วิ่งสมบุกสมบัน 100% Loading","น้ำหนักบรรทุกสูงสุด 16 ตัน ใช้น้ำมันดีเซลเป็นเชื้อเพลิง",tkm,0.0553
65,"รถตู้เปิด 10 ล้อ วิ่งปกติ 0%
 Loading","น้ำหนักบรรทุกสูงสุด 16 ตัน ใช้น้ำมันดีเซลเป็นเชื้อเพลิง",km,0.6053
66,"รถตู้เปิด 10 ล้อ วิ่งปกติ 50% Loading","น้ำหนักบรรทุกสูงสุด 16 ตัน ใช้น้ำมันดีเซลเป็นเชื้อเพลิง",tkm,0.0881
67,"รถตู้เปิด 10 ล้อ วิ่งปกติ 75% Loading","น้ำหนักบรรทุกสูงสุด 16 ตัน ใช้น้ำมันดีเซลเป็นเชื้อเพลิง",tkm,0.0617
68,"รถตู้เปิด 10 ล้อ วิ่งปกติ 100% Loading","น้ำหนักบรรทุกสูงสุด 16 ตัน ใช้น้ำมันดีเซลเป็นเชื้อเพลิง",tkm,0.0489
69,"รถตู้เปิด 10 ล้อ วิ่งสมบุกสมบัน 0% Loading","น้ำหนักบรรทุกสูงสุด 16 ตัน ใช้น้ำมันดีเซลเป็นเชื้อเพลิง",km,0.6674
70,"รถตู้เปิด 10 ล้อ วิ่งสมบุกสมบัน 50% Loading","น้ำหนักบรรทุกสูงสุด 16 ตัน ใช้น้ำมันดีเซลเป็นเชื้อเพลิง",tkm,0.1019
71,"รถตู้เปิด 10 ล้อ วิ่งสมบุกสมบัน 75% Loading","น้ำหนักบรรทุกสูงสุด 16 ตัน ใช้น้ำมันดีเซลเป็นเชื้อเพลิง",tkm,0.0738
72,"รถตู้เปิด 10 ล้อ วิ่งสมบุกสมบัน 100% Loading","น้ำหนักบรรทุกสูงสุด 16 ตัน ใช้น้ำมันดีเซลเป็นเชื้อเพลิง",tkm,0.0612
73,"รถกระบะ 10 ล้อ วิ่งปกติ 0% Loading","น้ำหนักบรรทุกสูงสุด 16 ตัน ใช้น้ำมันดีเซลเป็นเชื้อเพลิง",km,0.59
74,"รถกระบะ 10 ล้อ วิ่งปกติ 50% Loading","น้ำหนักบรรทุกสูงสุด 16 ตัน ใช้น้ำมันดีเซลเป็นเชื้อเพลิง",tkm,0.0972
75,"รถกระบะ 10 ล้อ วิ่งปกติ 75% Loading","น้ำหนักบรรทุกสูงสุด 16 ตัน ใช้น้ำมันดีเซลเป็นเชื้อเพลิง",tkm,0.0691
76,"รถกระบะ 10 ล้อ วิ่งปกติ 100% Loading","น้ำหนักบรรทุกสูงสุด 16 ตัน ใช้น้ำมันดีเซลเป็นเชื้อเพลิง",tkm,0.0533
77,"รถกระบะ 10 ล้อ วิ่งสมบุกสมบัน 0% Loading","น้ำหนักบรรทุกสูงสุด 16 ตัน ใช้น้ำมันดีเซลเป็นเชื้อเพลิง",km,0.7513
78,"รถกระบะ 10 ล้อ วิ่งสมบุกสมบัน 50% Loading","น้ำหนักบรรทุกสูงสุด 16 ตัน ใช้น้ำมันดีเซลเป็นเชื้อเพลิง",tkm,0.1201
79,"รถกระบะ 10 ล้อ วิ่งสมบุกสมบัน 75% Loading","น้ำหนักบรรทุกสูงสุด 16 ตัน ใช้น้ำมันดีเซลเป็นเชื้อเพลิง",tkm,0.084
80,"รถกระบะ 10 ล้อ วิ่งสมบุกสมบัน 100% Loading","น้ำหนักบรรทุกสูงสุด 16 ตัน ใช้น้ำมันดีเซลเป็นเชื้อเพลิง",tkm,0.0639
81,"รถตู้กึ่งพ่วง 18 ล้อ วิ่งปกติ 0% Loading","น้ำหนักบรรทุกสูงสุด 32 ตัน ใช้น้ำมันดีเซลเป็นเชื้อเพลิง",km,0.8215
82,"รถตู้กึ่งพ่วง 18 ล้อ วิ่งปกติ 50% Loading","น้ำหนักบรรทุกสูงสุด 32 ตัน ใช้น้ำมันดีเซลเป็นเชื้อเพลิง",tkm,0.0803
83,"รถตู้กึ่งพ่วง 18 ล้อ วิ่งปกติ 75% Loading","น้ำหนักบรรทุกสูงสุด 32 ตัน ใช้น้ำมันดีเซลเป็นเชื้อเพลิง",tkm,0.0577
84,"รถตู้กึ่งพ่วง 18 ล้อ วิ่งปกติ 100% Loading","น้ำหนักบรรทุกสูงสุด 32 ตัน ใช้น้ำมันดีเซลเป็นเชื้อเพลิง",tkm,0.0449
85,"รถตู้กึ่งพ่วง 18 ล้อ วิ่งสมบุกสมบัน 0% Loading","น้ำหนักบรรทุกสูงสุด 32 ตัน ใช้น้ำมันดีเซลเป็นเชื้อเพลิง",km,0.9963
86,"รถตู้กึ่งพ่วง 18 ล้อ วิ่งสมบุกสมบัน 50% Loading","น้ำหนักบรรทุกสูงสุด 32 ตัน ใช้น้ำมันดีเซลเป็นเชื้อเพลิง",tkm,0.0914
87,"รถตู้กึ่งพ่วง 18 ล้อ วิ่งสมบุกสมบัน 75% Loading","น้ำหนักบรรทุกสูงสุด 32 ตัน ใช้น้ำมันดีเซลเป็นเชื้อเพลิง",tkm,0.0655
88,"รถตู้กึ่งพ่วง 18 ล้อ วิ่งสมบุกสมบัน 100% Loading","น้ำหนักบรรทุกสูงสุด 32 ตัน ใช้น้ำมันดีเซลเป็นเชื้อเพลิง",tkm,0.0523
89,"รถตู้พ่วง 18 ล้อ วิ่งปกติ 0% Loading","น้ำหนักบรรทุกสูงสุด 32 ตัน ใช้น้ำมันดีเซลเป็นเชื้อเพลิง",km,0.787
90,"รถตู้พ่วง 18 ล้อ วิ่งปกติ 50% Loading","น้ำหนักบรรทุกสูงสุด 32 ตัน ใช้น้ำมันดีเซลเป็นเชื้อเพลิง",tkm,0.073
91,"รถตู้พ่วง 18 ล้อ วิ่งปกติ 75% Loading","น้ำหนักบรรทุกสูงสุด 32 ตัน ใช้น้ำมันดีเซลเป็นเชื้อเพลิง",tkm,0.0517
92,"รถตู้พ่วง 18 ล้อ วิ่งปกติ 100% Loading","น้ำหนักบรรทุกสูงสุด 32 ตัน ใช้น้ำมันดีเซลเป็นเชื้อเพลิง",tkm,0.0404
93,"รถตู้พ่วง 18 ล้อ วิ่งสมบุกสมบัน 0% Loading","น้ำหนักบรรทุกสูงสุด 32 ตัน ใช้น้ำมันดีเซลเป็นเชื้อเพลิง",km,0.8657
94,"รถตู้พ่วง 18 ล้อ วิ่งสมบุกสมบัน 50% Loading","น้ำหนักบรรทุกสูงสุด 32 ตัน ใช้น้ำมันดีเซลเป็นเชื้อเพลิง",tkm,0.0858
95,"รถตู้พ่วง 18 ล้อ วิ่งสมบุกสมบัน 75% Loading","น้ำหนักบรรทุกสูงสุด 32 ตัน ใช้น้ำมันดีเซลเป็นเชื้อเพลิง",tkm,0.0628
96,"รถตู้พ่วง 18 ล้อ วิ่งสมบุกสมบัน 100% Loading","น้ำหนักบรรทุกสูงสุด 32 ตัน ใช้น้ำมันดีเซลเป็นเชื้อเพลิง",tkm,0.0502
97,"รถกระบะกึ่งพ่วง 18 ล้อ วิ่งปกติ 0% Loading","น้ำหนักบรรทุกสูงสุด 32 ตัน ใช้น้ำมันดีเซลเป็นเชื้อเพลิง",km,0.8684
98,"รถกระบะกึ่งพ่วง 18 ล้อ วิ่งปกติ 50% Loading","น้ำหนักบรรทุกสูงสุด 32 ตัน ใช้น้ำมันดีเซลเป็นเชื้อเพลิง",tkm,0.0802
99,"รถกระบะกึ่งพ่วง 18 ล้อ วิ่งปกติ 75% Loading","น้ำหนักบรรทุกสูงสุด 32 ตัน ใช้น้ำมันดีเซลเป็นเชื้อเพลิง",tkm,0.0568
100,"รถกระบะกึ่งพ่วง 18 ล้อ วิ่งปกติ 100% Loading","น้ำหนักบรรทุกสูงสุด 32 ตัน ใช้น้ำมันดีเซลเป็นเชื้อเพลิง",tkm,0.0443
101,"รถกระบะกึ่งพ่วง 18 ล้อ วิ่งสมบุกสมบัน 0% Loading","น้ำหนักบรรทุกสูงสุด 32 ตัน ใช้น้ำมันดีเซลเป็นเชื้อเพลิง",km,1.0657
102,"รถกระบะกึ่งพ่วง 18 ล้อ วิ่งสมบุกสมบัน 50% Loading","น้ำหนักบรรทุกสูงสุด 32 ตัน ใช้น้ำมันดีเซลเป็นเชื้อเพลิง",tkm,0.0975
103,"รถกระบะกึ่งพ่วง 18 ล้อ วิ่งสมบุกสมบัน 75% Loading","น้ำหนักบรรทุกสูงสุด 32 ตัน ใช้น้ำมันดีเซลเป็นเชื้อเพลิง",tkm,0.0687
104,"รถกระบะกึ่งพ่วง 18 ล้อ วิ่งสมบุกสมบัน 100% Loading","น้ำหนักบรรทุกสูงสุด 32 ตัน ใช้น้ำมันดีเซลเป็นเชื้อเพลิง",tkm,0.0533
105,"รถกระบะพ่วง 18 ล้อ วิ่งปกติ 0% Loading","น้ำหนักบรรทุกสูงสุด 32 ตัน ใช้น้ำมันดีเซลเป็นเชื้อเพลิง",km,0.2363
106,"รถกระบะพ่วง 18 ล้อ วิ่งปกติ 50% Loading","น้ำหนักบรรทุกสูงสุด 32 ตัน ใช้น้ำมันดีเซลเป็นเชื้อเพลิง",tkm,0.0761
107,"รถกระบะพ่วง 18 ล้อ วิ่งปกติ 75% Loading","น้ำหนักบรรทุกสูงสุด 32 ตัน ใช้น้ำมันดีเซลเป็นเชื้อเพลิง",tkm,0.0529
108,"รถกระบะพ่วง 18 ล้อ วิ่งปกติ 100% Loading","น้ำหนักบรรทุกสูงสุด 32 ตัน ใช้น้ำมันดีเซลเป็นเชื้อเพลิง",tkm,0.0411
109,"รถกระบะพ่วง 18 ล้อ วิ่งสมบุกสมบัน 0% Loading","น้ำหนักบรรทุกสูงสุด 32 ตัน ใช้น้ำมันดีเซลเป็นเชื้อเพลิง",km,1.0021
110,"รถกระบะพ่วง 18 ล้อ วิ่งสมบุกสมบัน 50% Loading","น้ำหนักบรรทุกสูงสุด 32 ตัน ใช้น้ำมันดีเซลเป็นเชื้อเพลิง",tkm,0.092
111,"รถกระบะพ่วง 18 ล้อ วิ่งสมบุกสมบัน 75% Loading","น้ำหนักบรรทุกสูงสุด 32 ตัน ใช้น้ำมันดีเซลเป็นเชื้อเพลิง",tkm,0.0651
112,"รถกระบะพ่วง 18 ล้อ วิ่งสมบุกสมบัน 100% Loading","น้ำหนักบรรทุกสูงสุด 32 ตัน ใช้น้ำมันดีเซลเป็นเชื้อเพลิง",tkm,0.0507
113,"รถกระบะพ่วง 20 ล้อ วิ่งปกติ 0% Loading","น้ำหนักบรรทุกสูงสุด 32 ตัน ใช้น้ำมันดีเซลเป็นเชื้อเพลิง",km,0.8404
114,"รถกระบะพ่วง 20 ล้อ วิ่งปกติ 50% Loading","น้ำหนักบรรทุกสูงสุด 32 ตัน ใช้น้ำมันดีเซลเป็นเชื้อเพลิง",tkm,0.0839
115,"รถกระบะพ่วง 20 ล้อ วิ่งปกติ 75% Loading","น้ำหนักบรรทุกสูงสุด 32 ตัน ใช้น้ำมันดีเซลเป็นเชื้อเพลิง",tkm,0.0594
116,"รถกระบะพ่วง 20 ล้อ วิ่งปกติ 100% Loading","น้ำหนักบรรทุกสูงสุด 32 ตัน ใช้น้ำมันดีเซลเป็นเชื้อเพลิง",tkm,0.0448
117,"รถกระบะพ่วง 20 ล้อ วิ่งสมบุกสมบัน 0% Loading","น้ำหนักบรรทุกสูงสุด 32 ตัน ใช้น้ำมันดีเซลเป็นเชื้อเพลิง",km,1.1441
118,"รถกระบะพ่วง 20 ล้อ วิ่งสมบุกสมบัน 50% Loading","น้ำหนักบรรทุกสูงสุด 32 ตัน ใช้น้ำมันดีเซลเป็นเชื้อเพลิง",tkm,0.101
119,"รถกระบะพ่วง 20 ล้อ วิ่งสมบุกสมบัน 75% Loading","น้ำหนักบรรทุกสูงสุด 32 ตัน ใช้น้ำมันดีเซลเป็นเชื้อเพลิง",tkm,0.0706
120,"รถกระบะพ่วง 20 ล้อ วิ่งสมบุกสมบัน 100% Loading","น้ำหนักบรรทุกสูงสุด 32 ตัน ใช้น้ำมันดีเซลเป็นเชื้อเพลิง",tkm,0.0547
121,"รถกระบะพ่วง 22 ล้อ วิ่งปกติ 0% Loading","น้ำหนักบรรทุกสูงสุด 32 ตัน ใช้น้ำมันดีเซลเป็นเชื้อเพลิง",km,1.0206
122,"รถกระบะพ่วง 22 ล้อ วิ่งปกติ 50% Loading","น้ำหนักบรรทุกสูงสุด 32 ตัน ใช้น้ำมันดีเซลเป็นเชื้อเพลิง",tkm,0.0866
123,"รถกระบะพ่วง 22 ล้อ วิ่งปกติ 75% Loading","น้ำหนักบรรทุกสูงสุด 32 ตัน ใช้น้ำมันดีเซลเป็นเชื้อเพลิง",tkm,0.0597
124,"รถกระบะพ่วง 22 ล้อ วิ่งปกติ 100% Loading","น้ำหนักบรรทุกสูงสุด 32 ตัน ใช้น้ำมันดีเซลเป็นเชื้อเพลิง",tkm,0.0459
125,"รถกระบะพ่วง 22 ล้อ วิ่งสมบุกสมบัน 0% Loading","น้ำหนักบรรทุกสูงสุด 32 ตัน ใช้น้ำมันดีเซลเป็นเชื้อเพลิง",km,1.2452
126,"รถกระบะพ่วง 22 ล้อ วิ่งสมบุกสมบัน 50% Loading","น้ำหนักบรรทุกสูงสุด 32 ตัน ใช้น้ำมันดีเซลเป็นเชื้อเพลิง",tkm,0.1042
127,"รถกระบะพ่วง 22 ล้อ วิ่งสมบุกสมบัน 75% Loading","น้ำหนักบรรทุกสูงสุด 32 ตัน ใช้น้ำมันดีเซลเป็นเชื้อเพลิง",tkm,0.071
128,"รถกระบะพ่วง 22 ล้อ วิ่งสมบุกสมบัน 100% Loading","น้ำหนักบรรทุกสูงสุด 32 ตัน ใช้น้ำมันดีเซลเป็นเชื้อเพลิง",tkm,0.054
129,"รถซีเมนตช์นดิโม่ 10 ล้อ วิ่งปกติ 0% Loading","น้ำหนักบรรทุกสูงสุด 16 ตัน ใช้น้ำมันดีเซลเป็นเชื้อเพลิง",km,0.6316
130,"รถซีเมนตช์นดิโม่ 10 ล้อ วิ่งปกติ 50% Loading","น้ำหนักบรรทุกสูงสุด 16 ตัน ใช้น้ำมันดีเซลเป็นเชื้อเพลิง",tkm,0.0918
131,"รถซีเมนตช์นดิโม่ 10 ล้อ วิ่งปกติ 75% Loading","น้ำหนักบรรทุกสูงสุด 16 ตัน ใช้น้ำมันดีเซลเป็นเชื้อเพลิง",tkm,0.0625
132,"รถซีเมนตช์นดิโม่ 10 ล้อ วิ่งปกติ 100% Loading","น้ำหนักบรรทุกสูงสุด 16 ตัน ใช้น้ำมันดีเซลเป็นเชื้อเพลิง",tkm,0.0471
133,"รถซีเมนตช์นดิโม่ 10 ล้อ วิ่งสมบุกสมบัน 0% Loading","น้ำหนักบรรทุกสูงสุด 16 ตัน ใช้น้ำมันดีเซลเป็นเชื้อเพลิง",km,0.7382
134,"รถซีเมนตช์นดิโม่ 10 ล้อ วิ่งสมบุกสมบัน 50% Loading","น้ำหนักบรรทุกสูงสุด 16 ตัน ใช้น้ำมันดีเซลเป็นเชื้อเพลิง",tkm,0.1098
135,"รถซีเมนตช์นดิโม่ 10 ล้อ วิ่งสมบุกสมบัน 75% Loading","น้ำหนักบรรทุกสูงสุด 16 ตัน ใช้น้ำมันดีเซลเป็นเชื้อเพลิง",tkm,0.0772
136,"รถซีเมนตช์นดิโม่ 10 ล้อ วิ่งสมบุกสมบัน 100% Loading","น้ำหนักบรรทุกสูงสุด 16 ตัน ใช้น้ำมันดีเซลเป็นเชื้อเพลิง",tkm,0.0611
137,"รถซีเมนต์ผง (ชนิดเต้า/ถ้วย) 10 ล้อ วิ่งปกติ 0% Loading","น้ำหนักบรรทุกสูงสุด 16 ตัน ใช้น้ำมันดีเซลเป็นเชื้อเพลิง",km,0.464
138,"รถซีเมนต์ผง (ชนิดเต้า/ถ้วย) 10 ล้อ วิ่งปกติ 50% Loading","น้ำหนักบรรทุกสูงสุด 16 ตัน ใช้น้ำมันดีเซลเป็นเชื้อเพลิง",tkm,0.0834
139,"รถซีเมนต์ผง (ชนิดเต้า/ถ้วย) 10 ล้อ วิ่งปกติ 75% Loading","น้ำหนักบรรทุกสูงสุด 16 ตัน ใช้น้ำมันดีเซลเป็นเชื้อเพลิง",tkm,0.061
140,"รถซีเมนต์ผง (ชนิดเต้า/ถ้วย) 10 ล้อ วิ่งปกติ 100% Loading","น้ำหนักบรรทุกสูงสุด 16 ตัน ใช้น้ำมันดีเซลเป็นเชื้อเพลิง",tkm,0.0475
141,"รถซีเมนต์ผง (ชนิดเต้า/ถ้วย) 10 ล้อ วิ่งสมบุกสมบัน 0% Loading","น้ำหนักบรรทุกสูงสุด 16 ตัน ใช้น้ำมันดีเซลเป็นเชื้อเพลิง",km,0.4825
142,"รถซีเมนต์ผง (ชนิดเต้า/ถ้วย) 10 ล้อ วิ่งสมบุกสมบัน 50% Loading","น้ำหนักบรรทุกสูงสุด 16 ตัน ใช้น้ำมันดีเซลเป็นเชื้อเพลิง",tkm,0.0986
143,"รถซีเมนต์ผง (ชนิดเต้า/ถ้วย) 10 ล้อ วิ่งสมบุกสมบัน 75% Loading","น้ำหนักบรรทุกสูงสุด 16 ตัน ใช้น้ำมันดีเซลเป็นเชื้อเพลิง",tkm,0.0732
144,"รถซีเมนต์ผง (ชนิดเต้า/ถ้วย) 10 ล้อ วิ่งสมบุกสมบัน 100% Loading","น้ำหนักบรรทุกสูงสุด 16 ตัน ใช้น้ำมันดีเซลเป็นเชื้อเพลิง",tkm,0.0546
145,"รถซีเมนต์ผง (ชนิดเต้า/ถ้วย) 18 ล้อ วิ่งปกติ 0% Loading","น้ำหนักบรรทุกสูงสุด 32 ตัน ใช้น้ำมันดีเซลเป็นเชื้อเพลิง",km,0.9131
146,"รถซีเมนต์ผง (ชนิดเต้า/ถ้วย) 18 ล้อ วิ่งปกติ 50% Loading","น้ำหนักบรรทุกสูงสุด 32 ตัน ใช้น้ำมันดีเซลเป็นเชื้อเพลิง",tkm,0.0841
147,"รถซีเมนต์ผง (ชนิดเต้า/ถ้วย) 18 ล้อ วิ่งปกติ 75% Loading","น้ำหนักบรรทุกสูงสุด 32 ตัน ใช้น้ำมันดีเซลเป็นเชื้อเพลิง",tkm,0.0594
148,"รถซีเมนต์ผง (ชนิดเต้า/ถ้วย) 18 ล้อ วิ่งปกติ 100% Loading","น้ำหนักบรรทุกสูงสุด 32 ตัน ใช้น้ำมันดีเซลเป็นเชื้อเพลิง",tkm,0.0461
149,"รถซีเมนต์ผง (ชนิดเต้า/ถ้วย) 18 ล้อ วิ่งสมบุกสมบัน 0% Loading","น้ำหนักบรรทุกสูงสุด 32 ตัน ใช้น้ำมันดีเซลเป็นเชื้อเพลิง",km,1.1214
150,"รถซีเมนต์ผง (ชนิดเต้า/ถ้วย) 18 ล้อ วิ่งสมบุกสมบัน 50% Loading","น้ำหนักบรรทุกสูงสุด 32 ตัน ใช้น้ำมันดีเซลเป็นเชื้อเพลิง",tkm,0.1043
151,"รถซีเมนต์ผง (ชนิดเต้า/ถ้วย) 18 ล้อ วิ่งสมบุกสมบัน 75% Loading","น้ำหนักบรรทุกสูงสุด 32 ตัน ใช้น้ำมันดีเซลเป็นเชื้อเพลิง",tkm,0.0746
152,"รถซีเมนต์ผง (ชนิดเต้า/ถ้วย) 18 ล้อ วิ่งสมบุกสมบัน 100% Loading","น้ำหนักบรรทุกสูงสุด 32 ตัน ใช้น้ำมันดีเซลเป็นเชื้อเพลิง",tkm,0.0589
153,"รถซีเมนต์ผง (ชนิดกล้วย) 18 ล้อ วิ่งปกติ 0% Loading","น้ำหนักบรรทุกสูงสุด 32 ตัน ใช้น้ำมันดีเซลเป็นเชื้อเพลิง",km,0.946
154,"รถซีเมนต์ผง (ชนิดกล้วย) 18 ล้อ วิ่งปกติ 50% Loading","น้ำหนักบรรทุกสูงสุด 32 ตัน ใช้น้ำมันดีเซลเป็นเชื้อเพลิง",tkm,0.084
155,"รถซีเมนต์ผง (ชนิดกล้วย) 18 ล้อ วิ่งปกติ 75% Loading","น้ำหนักบรรทุกสูงสุด 32 ตัน ใช้น้ำมันดีเซลเป็นเชื้อเพลิง",tkm,0.0577
156,"รถซีเมนต์ผง (ชนิดกล้วย) 18 ล้อ วิ่งปกติ 100% Loading","น้ำหนักบรรทุกสูงสุด 32 ตัน ใช้น้ำมันดีเซลเป็นเชื้อเพลิง",tkm,0.0433
157,"รถซีเมนต์ผง (ชนิดกล้วย) 18 ล้อ วิ่งสมบุกสมบัน 0% Loading","น้ำหนักบรรทุกสูงสุด 32 ตัน ใช้น้ำมันดีเซลเป็นเชื้อเพลิง",km,1.1855
158,"รถซีเมนต์ผง (ชนิดกล้วย) 18 ล้อ วิ่งสมบุกสมบัน 50% Loading","น้ำหนักบรรทุกสูงสุด 32 ตัน ใช้น้ำมันดีเซลเป็นเชื้อเพลิง",tkm,0.1049
159,"รถซีเมนต์ผง (ชนิดกล้วย) 18 ล้อ วิ่งสมบุกสมบัน 75% Loading","น้ำหนักบรรทุกสูงสุด 32 ตัน ใช้น้ำมันดีเซลเป็นเชื้อเพลิง",tkm,0.0745
160,"รถซีเมนต์ผง (ชนิดกล้วย) 18 ล้อ วิ่งสมบุกสมบัน 100% Loading","น้ำหนักบรรทุกสูงสุด 32 ตัน ใช้น้ำมันดีเซลเป็นเชื้อเพลิง",tkm,0.0591
161,"รถเฉพาะกิจ (ติดเครน) 10 ล้อ วิ่งปกติ 0% Loading","น้ำหนักบรรทุกสูงสุด 16 ตัน ใช้น้ำมันดีเซลเป็นเชื้อเพลิง",km,0.5977
162,"รถเฉพาะกิจ (ติดเครน) 10 ล้อ วิ่งปกติ 50% Loading","น้ำหนักบรรทุกสูงสุด 16 ตัน ใช้น้ำมันดีเซลเป็นเชื้อเพลิง",tkm,0.0956
163,"รถเฉพาะกิจ (ติดเครน) 10 ล้อ วิ่งปกติ 75% Loading","น้ำหนักบรรทุกสูงสุด 16 ตัน ใช้น้ำมันดีเซลเป็นเชื้อเพลิง",tkm,0.0671
164,"รถเฉพาะกิจ (ติดเครน) 10 ล้อ วิ่งปกติ 100% Loading","น้ำหนักบรรทุกสูงสุด 16 ตัน ใช้น้ำมันดีเซลเป็นเชื้อเพลิง",tkm,0.0514
165,"รถเฉพาะกิจ (ติดเครน) 10 ล้อ วิ่งสมบุกสมบัน 0% Loading","น้ำหนักบรรทุกสูงสุด 16 ตัน ใช้น้ำมันดีเซลเป็นเชื้อเพลิง",km,0.643
166,"รถเฉพาะกิจ (ติดเครน) 10 ล้อ วิ่งสมบุกสมบัน 50% Loading","น้ำหนักบรรทุกสูงสุด 16 ตัน ใช้น้ำมันดีเซลเป็นเชื้อเพลิง",tkm,0.1065
167,"รถเฉพาะกิจ (ติดเครน) 10 ล้อ วิ่งสมบุกสมบัน 75% Loading","น้ำหนักบรรทุกสูงสุด 16 ตัน ใช้น้ำมันดีเซลเป็นเชื้อเพลิง",tkm,0.0752
168,"รถเฉพาะกิจ (ติดเครน) 10 ล้อ วิ่งสมบุกสมบัน 100% Loading","น้ำหนักบรรทุกสูงสุด 16 ตัน ใช้น้ำมันดีเซลเป็นเชื้อเพลิง",tkm,0.0573
169,"รถบรรทุกขยะ 6 ล้อ วิ่งปกติ 0% Loading","น้ำหนักบรรทุกสูงสุด 11 ตัน ใช้น้ำมันดีเซลเป็นเชื้อเพลิง",km,0.4923
170,"รถบรรทุกขยะ 6 ล้อ วิ่งปกติ 50% Loading","น้ำหนักบรรทุกสูงสุด 11 ตัน ใช้น้ำมันดีเซลเป็นเชื้อเพลิง",tkm,0.084
171,"รถบรรทุกขยะ 6 ล้อ วิ่งปกติ 75% Loading","น้ำหนักบรรทุกสูงสุด 11 ตัน ใช้น้ำมันดีเซลเป็นเชื้อเพลิง",tkm,0.0607
172,"รถบรรทุกขยะ 6 ล้อ วิ่งปกติ 100% Loading","น้ำหนักบรรทุกสูงสุด 11 ตัน ใช้น้ำมันดีเซลเป็นเชื้อเพลิง",tkm,0.0475
173,"รถบรรทุกขยะ 6 ล้อ วิ่งสมบุกสมบัน 0% Loading","น้ำหนักบรรทุกสูงสุด 11 ตัน ใช้น้ำมันดีเซลเป็นเชื้อเพลิง",km,0.5446
174,"รถบรรทุกขยะ 6 ล้อ วิ่งสมบุกสมบัน 50% Loading","น้ำหนักบรรทุกสูงสุด 11 ตัน ใช้น้ำมันดีเซลเป็นเชื้อเพลิง",tkm,0.0945
175,"รถบรรทุกขยะ 6 ล้อ วิ่งสมบุกสมบัน 75% Loading","น้ำหนักบรรทุกสูงสุด 11 ตัน ใช้น้ำมันดีเซลเป็นเชื้อเพลิง",tkm,0.0693
176,"รถบรรทุกขยะ 6 ล้อ วิ่งสมบุกสมบัน 100% Loading","น้ำหนักบรรทุกสูงสุด 11 ตัน ใช้น้ำมันดีเซลเป็นเชื้อเพลิง",tkm,0.0552
177,"รถกระบะพ่วง 18 ล้อ วิ่งปกติและสมบุกสมบัน 25% Loading","น้ำหนักบรรทุกสูงสุด 32 ตัน ใช้น้ำมันดีเซลเป็นเชื้อเพลิง",km,0.2145
178,"รถกระบะพ่วง 18 ล้อ วิ่งปกติและสมบุกสมบัน 50% Loading","น้ำหนักบรรทุกสูงสุด 32 ตัน ใช้น้ำมันดีเซลเป็นเชื้อเพลิง",tkm,0.1072
179,"รถกระบะพ่วง 18 ล้อ วิ่งปกติและสมบุกสมบัน 75% Loading","น้ำหนักบรรทุกสูงสุด 32 ตัน ใช้น้ำมันดีเซลเป็นเชื้อเพลิง",tkm,0.0715
180,"รถกระบะพ่วง 18 ล้อ วิ่งปกติและสมบุกสมบัน 100% Loading","น้ำหนักบรรทุกสูงสุด 32 ตัน ใช้น้ำมันดีเซลเป็นเชื้อเพลิง",tkm,0.0536
181,"รถกระบะ 10 ล้อ วิ่งปกติ 0% Loading","น้ำหนักบรรทุกสูงสุด 16 ตัน ใช้น้ำมันดีเซลเป็นเชื้อเพลิง",km,0.5344
182,"รถกระบะ 10 ล้อ วิ่งปกติ 50% Loading","น้ำหนักบรรทุกสูงสุด 16 ตัน ใช้น้ำมันดีเซลเป็นเชื้อเพลิง",tkm,0.0786
183,"รถกระบะ 10 ล้อ วิ่งปกติ 75% Loading","น้ำหนักบรรทุกสูงสุด 16 ตัน ใช้น้ำมันดีเซลเป็นเชื้อเพลิง",tkm,0.0543
184,"รถกระบะ 10 ล้อ วิ่งปกติ 100% Loading","น้ำหนักบรรทุกสูงสุด 16 ตัน ใช้น้ำมันดีเซลเป็นเชื้อเพลิง",tkm,0.0419
185,"รถกระบะ 10 ล้อ วิ่งสมบุกสมบัน 0% Loading","น้ำหนักบรรทุกสูงสุด 16 ตัน ใช้น้ำมันดีเซลเป็นเชื้อเพลิง",km,0.6374
186,"รถกระบะ 10 ล้อ วิ่งสมบุกสมบัน 50% Loading","น้ำหนักบรรทุกสูงสุด 16 ตัน ใช้น้ำมันดีเซลเป็นเชื้อเพลิง",tkm,0.0972
187,"รถกระบะ 10 ล้อ วิ่งสมบุกสมบัน 75% Loading","น้ำหนักบรรทุกสูงสุด 16 ตัน ใช้น้ำมันดีเซลเป็นเชื้อเพลิง",tkm,0.0684
188,"รถกระบะ 10 ล้อ วิ่งสมบุกสมบัน 100% Loading","น้ำหนักบรรทุกสูงสุด 16 ตัน ใช้น้ำมันดีเซลเป็นเชื้อเพลิง",tkm,0.0536
189,"เรือแบบ bulk ","Transport, transoceanic tanker (เรือขนส่งข้ามมหาสมุทรแบบ bulk)",tkm,0.0056
190,"เรือบรรทุก container","Transport, transoceanic freight ship (เรือขนส่งข้ามมหาสมุทรที่เป็นสินค้า)",tkm,0.0107
191,เรือขนส่งตามลำน้ำ,"Transport, barge",tkm,0.0446
